<?xml version="1.0" encoding="UTF-8"?>
<!DOCTYPE suite SYSTEM "https://testng.org/testng-1.0.dtd">
<suite name="Suite">
<parameter name="url" value="http://leaftaps.com/opentaps/control/main"></parameter>
  <test thread-count="5" name="Test" verbose = "5">
    <classes>
      <class name="testcases.LoginLogout"/>
      <class name="testcases.CreateLead"/>
      <class name="testcases.DuplicateLead"/>
      <class name="testcases.EditLead"/>
      <class name="testcases.MergeLead"/>
      <class name="testcases.DeleteLead"/>
    </classes>
  </test> <!-- Test -->
</suite> <!-- Suite -->
